<?xml version="1.0" encoding="UTF-8"?>
<project-private xmlns="http://www.netbeans.org/ns/project-private/1">
    <editor-bookmarks xmlns="http://www.netbeans.org/ns/editor-bookmarks/2" lastBookmarkId="0"/>
    <open-files xmlns="http://www.netbeans.org/ns/projectui-open-files/2">
        <group>
            <file>file:/C:/Users/HP/Documents/NetBeansProjects/RestaurantSim_Phase1/src/Buffer.java</file>
            <file>file:/C:/Users/HP/Documents/NetBeansProjects/RestaurantSim_Phase1/src/Producer.java</file>
            <file>file:/C:/Users/HP/Documents/NetBeansProjects/RestaurantSim_Phase1/src/Consumer.java</file>
            <file>file:/C:/Users/HP/Documents/NetBeansProjects/RestaurantSim_Phase1/src/InputReader.java</file>
            <file>file:/C:/Users/HP/Documents/NetBeansProjects/RestaurantSim_Phase1/src/Event.java</file>
            <file>file:/C:/Users/HP/Documents/NetBeansProjects/RestaurantSim_Phase1/src/Chef.java</file>
            <file>file:/C:/Users/HP/Documents/NetBeansProjects/RestaurantSim_Phase1/src/RestSimApp.java</file>
            <file>file:/C:/Users/HP/Documents/NetBeansProjects/RestaurantSim_Phase1/src/Waiter.java</file>
            <file>file:/C:/Users/HP/Documents/NetBeansProjects/RestaurantSim_Phase1/src/CustomerData.java</file>
            <file>file:/C:/Users/HP/Documents/NetBeansProjects/RestaurantSim_Phase1/src/BufElement.java</file>
            <file>file:/C:/Users/HP/Documents/NetBeansProjects/RestaurantSim_Phase1/src/TimeUtil.java</file>
        </group>
    </open-files>
</project-private>
